{
  "cora": {
    "gcn": {
      "rr": {
        "1": [
          0.34121122599704584,
          5.551115123125783e-17
        ],
        "2": [
          0.34121122599704584,
          5.551115123125783e-17
        ],
        "3": [
          0.34121122599704584,
          5.551115123125783e-17
        ],
        "4": [
          0.34121122599704584,
          5.551115123125783e-17
        ],
        "5": [
          0.43234859675036924,
          0.019931430900696254
        ],
        "6": [
          0.630576070901034,
          0.02529072147599814
        ],
        "7": [
          0.748301329394387,
          0.012142245311116379
        ],
        "8": [
          0.8135893648449042,
          0.01270882584334943
        ]
      },
      "ldpgcn": {
        "1": [
          0.42456917774495323,
          0.023500001484217724
        ],
        "2": [
          0.44145741014278683,
          0.018225875413111617
        ],
        "3": [
          0.5032003938946331,
          0.021345173432379457
        ],
        "4": [
          0.6565238798621368,
          0.018349159874914305
        ],
        "5": [
          0.7833087149187593,
          0.010091628355226546
        ],
        "6": [
          0.8335795174790744,
          0.010715092473646826
        ],
        "7": [
          0.8569177744953227,
          0.006624869794802234
        ],
        "8": [
          0.8610044313146233,
          0.007339591284375098
        ]
      }
    },
    "gat": {
      "rr": {
        "1": [
          0.34121122599704584,
          5.551115123125783e-17
        ],
        "2": [
          0.34121122599704584,
          5.551115123125783e-17
        ],
        "3": [
          0.34121122599704584,
          5.551115123125783e-17
        ],
        "4": [
          0.3646479566715904,
          0.02917979046156799
        ],
        "5": [
          0.4183653372722797,
          0.016420390247748193
        ],
        "6": [
          0.5439684884293451,
          0.03017763778494818
        ],
        "7": [
          0.7122107336287543,
          0.01886644532540218
        ],
        "8": [
          0.79123584441162,
          0.01711289728900321
        ]
      },
      "ldpgcn": {
        "1": [
          0.4087641555883801,
          0.022707521699395463
        ],
        "2": [
          0.41053668143771543,
          0.013829853167157668
        ],
        "3": [
          0.4480551452486459,
          0.013894908853299488
        ],
        "4": [
          0.5687838503200395,
          0.02328313808942456
        ],
        "5": [
          0.714574101427868,
          0.030915122411343487
        ],
        "6": [
          0.7930576070901034,
          0.02568733084129649
        ],
        "7": [
          0.824766125061546,
          0.015205254409125523
        ],
        "8": [
          0.8282127031019202,
          0.013425412623207685
        ]
      }
    }
  }
}