{
  "cora": {
    "gcn": {
      "rr": {
        "1": [
          0.34121122599704584,
          5.551115123125783e-17
        ],
        "2": [
          0.34121122599704584,
          5.551115123125783e-17
        ],
        "3": [
          0.34121122599704584,
          5.551115123125783e-17
        ],
        "4": [
          0.34121122599704584,
          5.551115123125783e-17
        ],
        "5": [
          0.43234859675036924,
          0.019931430900696254
        ],
        "6": [
          0.630576070901034,
          0.02529072147599814
        ],
        "7": [
          0.748301329394387,
          0.012142245311116379
        ],
        "8": [
          0.8135893648449042,
          0.01270882584334943
        ]
      },
      "ldpgcn": {
        "1": [
          0.42456917774495323,
          0.023500001484217724
        ],
        "2": [
          0.44145741014278683,
          0.018225875413111617
        ],
        "3": [
          0.5032003938946331,
          0.021345173432379457
        ],
        "4": [
          0.6565238798621368,
          0.018349159874914305
        ],
        "5": [
          0.7833087149187593,
          0.010091628355226546
        ],
        "6": [
          0.8335795174790744,
          0.010715092473646826
        ],
        "7": [
          0.8569177744953227,
          0.006624869794802234
        ],
        "8": [
          0.8610044313146233,
          0.007339591284375098
        ]
      }
    }
  }
}