{
  "cora": {
    "gcn": {
      "rr": {
        "1": [
          0.34121122599704584,
          5.551115123125783e-17
        ],
        "2": [
          0.34121122599704584,
          5.551115123125783e-17
        ],
        "3": [
          0.34121122599704584,
          5.551115123125783e-17
        ],
        "4": [
          0.34121122599704584,
          5.551115123125783e-17
        ],
        "5": [
          0.43234859675036924,
          0.019931430900696254
        ],
        "6": [
          0.630576070901034,
          0.02529072147599814
        ],
        "7": [
          0.748301329394387,
          0.012142245311116379
        ],
        "8": [
          0.8135893648449042,
          0.01270882584334943
        ]
      },
      "ldpgcn": {
        "1": [
          0.42456917774495323,
          0.023500001484217724
        ],
        "2": [
          0.44145741014278683,
          0.018225875413111617
        ],
        "3": [
          0.5032003938946331,
          0.021345173432379457
        ],
        "4": [
          0.6565238798621368,
          0.018349159874914305
        ],
        "5": [
          0.7833087149187593,
          0.010091628355226546
        ],
        "6": [
          0.8335795174790744,
          0.010715092473646826
        ],
        "7": [
          0.8569177744953227,
          0.006624869794802234
        ],
        "8": [
          0.8610044313146233,
          0.007339591284375098
        ]
      }
    },
    "gat": {
      "rr": {
        "1": [
          0.34121122599704584,
          5.551115123125783e-17
        ],
        "2": [
          0.34121122599704584,
          5.551115123125783e-17
        ],
        "3": [
          0.34121122599704584,
          5.551115123125783e-17
        ],
        "4": [
          0.3646479566715904,
          0.02917979046156799
        ],
        "5": [
          0.4183653372722797,
          0.016420390247748193
        ],
        "6": [
          0.5439684884293451,
          0.03017763778494818
        ],
        "7": [
          0.7122107336287543,
          0.01886644532540218
        ],
        "8": [
          0.79123584441162,
          0.01711289728900321
        ]
      },
      "ldpgcn": {
        "1": [
          0.4087641555883801,
          0.022707521699395463
        ],
        "2": [
          0.41053668143771543,
          0.013829853167157668
        ],
        "3": [
          0.4480551452486459,
          0.013894908853299488
        ],
        "4": [
          0.5687838503200395,
          0.02328313808942456
        ],
        "5": [
          0.714574101427868,
          0.030915122411343487
        ],
        "6": [
          0.7930576070901034,
          0.02568733084129649
        ],
        "7": [
          0.824766125061546,
          0.015205254409125523
        ],
        "8": [
          0.8282127031019202,
          0.013425412623207685
        ]
      }
    },
    "graphsage": {
      "ldpgcn": {
        "1": [
          0.6954209748892172,
          0.011374027248411047
        ],
        "2": [
          0.6943377646479566,
          0.009112937706555812
        ],
        "3": [
          0.6971442639094043,
          0.012002985677005956
        ],
        "4": [
          0.7294436238306253,
          0.01065894907452143
        ],
        "5": [
          0.793648449039882,
          0.011982771469634888
        ],
        "6": [
          0.8321024126046284,
          0.007544650441901704
        ],
        "7": [
          0.8519448547513541,
          0.006086476709095627
        ],
        "8": [
          0.8598719842442147,
          0.006122813020860591
        ]
      },
      "rr": {
        "1": [
          0.7098966026587888,
          0.00475740909076561
        ],
        "2": [
          0.7079763663220088,
          0.00464212178296484
        ],
        "3": [
          0.7104874446085674,
          0.005592228799409436
        ],
        "4": [
          0.7117183653372725,
          0.007396184658336131
        ],
        "5": [
          0.7330871491875924,
          0.00811870374219279
        ],
        "6": [
          0.7623830625307733,
          0.008835781864470761
        ],
        "7": [
          0.799753815854259,
          0.008123479977480183
        ],
        "8": [
          0.8309207287050716,
          0.0060511241736040155
        ]
      }
    }
  },
  "citeseer": {
    "gcn": {
      "rr": {
        "1": [
          0.203926282051282,
          0.0040857528153788285
        ],
        "2": [
          0.2042467948717948,
          0.004420869943632599
        ],
        "3": [
          0.20272435897435895,
          0.007293427513508721
        ],
        "4": [
          0.20380608974358969,
          0.007348350575758735
        ],
        "5": [
          0.24062499999999998,
          0.02185914471886392
        ],
        "6": [
          0.49002403846153847,
          0.02076731557972929
        ],
        "7": [
          0.6043669871794872,
          0.013351929466712164
        ],
        "8": [
          0.6935496794871793,
          0.009855199196565117
        ]
      },
      "ldpgcn": {
        "1": [
          0.4889423076923078,
          0.07093681710130156
        ],
        "2": [
          0.4790064102564102,
          0.02515961843875148
        ],
        "3": [
          0.5048477564102564,
          0.018152575785919303
        ],
        "4": [
          0.5923076923076923,
          0.026011570380103027
        ],
        "5": [
          0.7127804487179487,
          0.013186446772054326
        ],
        "6": [
          0.7559695512820511,
          0.010828356773993212
        ],
        "7": [
          0.7782852564102564,
          0.007934715489216114
        ],
        "8": [
          0.787139423076923,
          0.006271151954135222
        ]
      }
    },
    "gat": {
      "rr": {
        "1": [
          0.20200320512820508,
          0.01041789933534936
        ],
        "2": [
          0.20352564102564097,
          0.0044793028395428425
        ],
        "3": [
          0.20432692307692302,
          0.003605769230769226
        ],
        "4": [
          0.2055288461538461,
          5.551115123125783e-17
        ],
        "5": [
          0.27956730769230764,
          0.04067475332970014
        ],
        "6": [
          0.40424679487179477,
          0.044583984262239224
        ],
        "7": [
          0.5743990384615384,
          0.023383196459513426
        ],
        "8": [
          0.6780849358974359,
          0.018283678006101572
        ]
      },
      "ldpgcn": {
        "1": [
          0.4231570512820513,
          0.08547463846713889
        ],
        "2": [
          0.4517227564102564,
          0.048306825440540324
        ],
        "3": [
          0.4804887820512821,
          0.019792680408481853
        ],
        "4": [
          0.5680689102564103,
          0.018423781516445355
        ],
        "5": [
          0.6724759615384618,
          0.01800947142706713
        ],
        "6": [
          0.7294471153846153,
          0.017946795126515393
        ],
        "7": [
          0.7497996794871794,
          0.015159115006227268
        ],
        "8": [
          0.7554887820512819,
          0.01545981263556128
        ]
      }
    },
    "graphsage": {
      "ldpgcn": {
        "1": [
          0.7192708333333333,
          0.009492825356829215
        ],
        "2": [
          0.7146634615384616,
          0.011298929318636108
        ],
        "3": [
          0.7340544871794872,
          0.007076277812230889
        ],
        "4": [
          0.736298076923077,
          0.006845687916297182
        ],
        "5": [
          0.755448717948718,
          0.0073486782200064115
        ],
        "6": [
          0.7725560897435898,
          0.008434516542198768
        ],
        "7": [
          0.7855769230769233,
          0.00697115384615385
        ],