{
  "cora": {
    "1": [
      127.2,
      26.556104131944256
    ],
    "2": [
      1145.0,
      64.08692014236082
    ],
    "3": [
      5880.266666666666,
      144.4195123781948
    ],
    "4": [
      10289.866666666667,
      136.69033941317463
    ],
    "5": [
      10914.0,
      49.68702043793731
    ],
    "6": [
      10607.666666666666,
      20.98941532190822
    ],
    "7": [
      10540.4,
      11.271202242884298
    ],
    "8": [
      10545.8,
      5.688585061331157
    ]
  },
  "citeseer": {
    "1": [
      31.333333333333332,
      20.234184496100216
    ],
    "2": [
      740.5333333333333,
      67.86836933031142
    ],
    "3": [
      5396.866666666667,
      152.07601900219362
    ],
    "4": [
      9285.066666666668,
      132.88163488190867
    ],
    "5": [
      9755.6,
      99.07895841196557
    ],
    "6": [
      9239.466666666667,
      26.682995000978103
    ],
    "7": [
      9101.866666666667,
      12.82636174273732
    ],
    "8": [
      9096.6,
      5.270041113059114
    ]
  },
  "lastfm": {
    "1": [
      115.8,
      19.331149301925468
    ],
    "2": [
      7195.066666666667,
      111.52845177601793
    ],
    "3": [
      33474.26666666667,
      261.4807747341199
    ],
    "4": [
      53417.73333333333,
      255.4852811589914
    ],
    "5": [
      57064.13333333333,
      164.46919333284137
    ],
    "6": [
      56081.86666666667,
      66.07457066745789
    ],
    "7": [
      55600.933333333334,
      31.12869344440199
    ],
    "8": [
      55562.2,
      17.430624391187674
    ]
  }
}