{
  "cora": {
    "mlp": {
      "None": [
        0.710388970950271,
        0.005882925467747461
      ]
    },
    "gcn": {
      "1": [
        0.7116198916789759,
        0.005522651745314631
      ],
      "2": [
        0.712112259970458,
        0.006010322611925878
      ],
      "3": [
        0.7103397341211226,
        0.00573793932040031
      ],
      "4": [
        0.7700640078778929,
        0.008039335425656666
      ],
      "5": [
        0.8445100935499753,
        0.009745410157548403
      ],
      "6": [
        0.8637124569177744,
        0.006958960017352939
      ],
      "7": [
        0.8672575086164452,
        0.004508330139737896
      ],
      "8": [
        0.8706548498276713,
        0.0033830395640180927
      ],
      "None": [
        0.8682422451994091,
        0.0055057255533212555
      ]
    },
    "graphsage": {
      "1": [
        0.7119645494830134,
        0.005243202171137045
      ],
      "2": [
        0.7082225504677501,
        0.006333012384367724
      ],
      "3": [
        0.7166420482520927,
        0.008477461066838202
      ],
      "4": [
        0.7717380600689315,
        0.01268782550088
      ],
      "5": [
        0.8416543574593798,
        0.008120942952247835
      ],
      "6": [
        0.8600196947316594,
        0.004804313722650161
      ],
      "7": [
        0.8663220088626292,
        0.004572667558101109
      ],
      "8": [
        0.8652387986213687,
        0.004879416968144392
      ],
      "None": [
        0.8653372722796651,
        0.0033484663980146404
      ]
    },
    "gat": {
      "1": [
        0.7117676021664203,
        0.004968774322616604
      ],
      "2": [
        0.7118168389955688,
        0.0052202650065206295
      ],
      "3": [
        0.7105859182668636,
        0.005015394023927872
      ],
      "4": [
        0.711866075824717,
        0.006005278616834805
      ],
      "5": [
        0.8158542589857213,
        0.013475068619797166
      ],
      "6": [
        0.8376169374692269,
        0.013089590424943816
      ],
      "7": [
        0.8499261447562776,
        0.006634377257587972
      ],
      "8": [
        0.8452978828163467,
        0.009128885226845317
      ],
      "None": [
        0.844903988183161,
        0.016059058109219357
      ]
    }
  },
  "citeseer": {
    "mlp": {
      "None": [
        0.7368990384615386,
        0.003046189407895892
      ]
    },
    "gcn": {
      "1": [
        0.7362179487179488,
        0.003381562154809174
      ],
      "2": [
        0.7356570512820514,
        0.003837798081675656
      ],
      "3": [
        0.7383413461538461,
        0.004290601649224424
      ],
      "4": [
        0.7377804487179487,
        0.00423335591331396
      ],
      "5": [
        0.7670272435897434,
        0.007702838178027445
      ],
      "6": [
        0.7787660256410257,
        0.020547690464271556
      ],
      "7": [
        0.7862580128205129,
        0.005831357310073262
      ],
      "8": [
        0.7940705128205127,
        0.0037668779722894665
      ],
      "None": [
        0.7826923076923077,
        0.006302173750716564
      ]
    },
    "graphsage": {
      "1": [
        0.7371394230769232,
        0.004188375706956495
      ],
      "2": [
        0.7363782051282051,
        0.0038428137206031514
      ],
      "3": [
        0.737900641025641,
        0.005012978307569571
      ],
      "4": [
        0.7402644230769232,
        0.0044362740340545695
      ],
      "5": [
        0.7730769230769232,
        0.008796237722851909
      ],
      "6": [
        0.7903445512820512,
        0.005609117443229914
      ],
      "7": [
        0.7800080128205128,
        0.0048325014268254
      ],
      "8": [
        0.7812500000000001,
        0.004603014941136245
      ],
      "None": [
        0.7809294871794871,
        0.0034408510502538375
      ]
    },
    "gat": {
      "1": [
        0.7344551282051284,
        0.003924646441108492
      ],
      "2": [
        0.7350160256410255,
        0.004579241045586393
      ],
      "3": [
        0.7346554487179487,
        0.003423312873002258
      ],
      "4": [
        0.7343349358974359,
        0.0034901789542904245
      ],
      "5": [
        0.7335336538461539,
        0.003927303961726294
      ],
      "6": [
        0.7649439102564102,
        0.012726329228880078
      ],
      "7": [
        0.7637019230769231,
        0.008190733191058088
      ],
      "8": [
        0.7727964743589744,
        0.01053076381182239
      ],
      "None": [
        0.7674679487179487,
        0.014531951960910625
      ]
    }
  },
  "lastfm": {
    "mlp": {
      "None": [
        0.7003497726477789,
        0.013924554100980594
      ]
    },
    "gcn": {
      "1": [
        0.7095313046519763,
        0.005257915954583049
      ],
      "2": [
        0.7110528156698146,
        0.006969521717773732
      ],
      "3": [
        0.7096537250786987,
        0.006226444364804534
      ],
      "4": [
        0.7061734872332982,
        0.012601636700630508
      ],
      "5": [
        0.7889646729625742,
        0.008395290423810783
      ],
      "6": [
        0.8224204267226303,
        0.008049407852020716
      ],
      "7": [
        0.8273522210563133,
        0.008975536898808924
      ],
      "8": [
        0.8285239594263728,
        0.01633203256426941
      ],
      "None": [
        0.8311997201818817,
        0.009639013279127041
      ]
    }
  }
}