{
  "cora": {
    "mlp": {
      "None": [
        0.710388970950271,
        0.005882925467747461
      ]
    },
    "gcn": {
      "1": [
        0.7116198916789759,
        0.005522651745314631
      ],
      "2": [
        0.712112259970458,
        0.006010322611925878
      ],
      "3": [
        0.7103397341211226,
        0.00573793932040031
      ],
      "4": [
        0.7700640078778929,
        0.008039335425656666
      ],
      "5": [
        0.8445100935499753,
        0.009745410157548403
      ],
      "6": [
        0.8637124569177744,
        0.006958960017352939
      ],
      "7": [
        0.8672575086164452,
        0.004508330139737896
      ],
      "8": [
        0.8706548498276713,
        0.0033830395640180927
      ],
      "None": [
        0.8682422451994091,
        0.0055057255533212555
      ]
    },
    "graphsage": {
      "1": [
        0.7119645494830134,
        0.005243202171137045
      ],
      "2": [
        0.7082225504677501,
        0.006333012384367724
      ],
      "3": [
        0.7166420482520927,
        0.008477461066838202
      ],
      "4": [
        0.7717380600689315,
        0.01268782550088
      ],
      "5": [
        0.8416543574593798,
        0.008120942952247835
      ],
      "6": [
        0.8600196947316594,
        0.004804313722650161
      ],
      "7": [
        0.8663220088626292,
        0.004572667558101109
      ],
      "8": [
        0.8652387986213687,
        0.004879416968144392
      ],
      "None": [
        0.8653372722796651,
        0.0033484663980146404
      ]
    },
    "gat": {
      "1": [
        0.7117676021664203,
        0.004968774322616604
      ],
      "2": [
        0.7118168389955688,
        0.0052202650065206295
      ],
      "3": [
        0.7105859182668636,
        0.005015394023927872
      ],
      "4": [
        0.711866075824717,
        0.006005278616834805
      ],
      "5": [
        0.8158542589857213,
        0.013475068619797166
      ],
      "6": [
        0.8376169374692269,
        0.013089590424943816
      ],
      "7": [
        0.8499261447562776,
        0.006634377257587972
      ],
      "8": [
        0.8452978828163467,
        0.009128885226845317
      ],
      "None": [
        0.844903988183161,
        0.016059058109219357
      ]
    }
  }
}