{
  "cora": {
    "mlp": {
      "None": [
        0.7077794190054162,
        0.005670791813822121
      ]
    },
    "gcn": {
      "1": [
        0.7098966026587887,
        0.005388228072990442
      ],
      "2": [
        0.7114721811915314,
        0.004738005602646758
      ],
      "3": [
        0.7095027080256032,
        0.0051498993067426455
      ],
      "4": [
        0.7670605612998523,
        0.012815676058219736
      ],
      "5": [
        0.8509601181683899,
        0.00636299108278898
      ],
      "6": [
        0.8664204825209257,
        0.005614078174085724
      ],
      "7": [
        0.8709010339734121,
        0.0031357328071079417
      ],
      "8": [
        0.8709502708025602,
        0.005137881405503159
      ],
      "None": [
        0.867700640078779,
        0.005469721987206476
      ]
    },
    "graphsage": {
      "1": [
        0.7100443131462335,
        0.006127760269628229
      ],
      "2": [
        0.707483998030527,
        0.006676811770694535
      ],
      "3": [
        0.7190054160512064,
        0.010160100522982352
      ],
      "4": [
        0.7712949286065978,
        0.010921811950383198
      ],
      "5": [
        0.8401280157557854,
        0.008868235001575757
      ],
      "6": [
        0.8619891678975874,
        0.005083806923797728
      ],
      "7": [
        0.862383062530773,
        0.00412679828021672
      ],
      "8": [
        0.86548498276711,
        0.004035017478788364
      ],
      "None": [
        0.8648449039881833,
        0.0041560667198754595
      ]
    },
    "gat": {
      "1": [
        0.7120137863121614,
        0.006107947231892019
      ],
      "2": [
        0.7109798129000493,
        0.004799012478980302
      ],
      "3": [
        0.7102904972919746,
        0.006014959351679164
      ],
      "4": [
        0.7101920236336781,
        0.005122523605569665
      ],
      "5": [
        0.8139832594780896,
        0.013877101351190328
      ],
      "6": [
        0.8417035942885279,
        0.011681171812754248
      ],
      "7": [
        0.8466272772033481,
        0.00780757017830742
      ],
      "8": [
        0.8466765140324964,
        0.007088051565899792
      ],
      "None": [
        0.836878385032004,
        0.007905693192145883
      ]
    }
  },
  "citeseer": {
    "mlp": {
      "None": [
        0.7353766025641025,
        0.0034708094183595554
      ]
    },
    "gcn": {
      "1": [
        0.7369791666666667,
        0.0042333559133139725
      ],
      "2": [
        0.7358974358974361,
        0.004935533203344385
      ],
      "3": [
        0.7353365384615386,
        0.0034473757635094535
      ],
      "4": [
        0.7307291666666667,
        0.004680646425167084
      ],
      "5": [
        0.7572516025641026,
        0.009098080474167672
      ],
      "6": [
        0.7830528846153846,
        0.007209868930676519
      ],
      "7": [
        0.7827724358974358,
        0.00628329805131903
      ],
      "8": [
        0.7925080128205128,
        0.003434547623421113
      ],
      "None": [
        0.7836538461538461,
        0.0091588326081215
      ]
    },
    "graphsage": {
      "1": [
        0.7355368589743588,
        0.004180703980199113
      ],
      "2": [
        0.7363782051282051,
        0.0042475507309931385
      ],
      "3": [
        0.7375400641025643,
        0.003448539591827782
      ],
      "4": [
        0.7372996794871794,
        0.0047236579364539726
      ],
      "5": [
        0.7765224358974357,
        0.006072851064582188
      ],
      "6": [
        0.7907852564102565,
        0.004321726461590315
      ],
      "7": [
        0.7933092948717948,
        0.004040122585241743
      ],
      "8": [
        0.7935496794871796,
        0.004307776071854237
      ],
      "None": [
        0.7946714743589742,
        0.0037250998452172538
      ]
    },
    "gat": {
      "1": [
        0.7351362179487179,
        0.0037687950128586422
      ],
      "2": [
        0.736698717948718,
        0.003912357569145404
      ],
      "3": [
        0.7377403846153846,
        0.004086538461538462
      ],
      "4": [
        0.735977564102564,
        0.003289162780732993
      ],
      "5": [
        0.7355769230769231,
        0.0038386344766036897
      ],
      "6": [
        0.763701923076923,
        0.010471686549045463
      ],
      "7": [
        0.765985576923077,
        0.011415738585961835
      ],
      "8": [
        0.7676682692307693,
        0.012506739738756791
      ],
      "None": [
        0.7689903846153846,
        0.009888937309660657
      ]
    }
  },
  "lastfm": {
    "mlp": {
      "None": [
        0.7003497726477789,
        0.013924554100980594
      ]
    },
    "gcn": {
      "1": [
        0.7095313046519763,
        0.005257915954583049
      ],
      "2": [
        0.7110528156698146,
        0.006969521717773732
      ],
      "3": [
        0.7096537250786987,
        0.006226444364804534
      ],
      "4": [
        0.7061734872332982,
        0.012601636700630508
      ],
      "5": [
        0.7889646729625742,
        0.008395290423810783
      ],
      "6": [
        0.8224204267226303,
        0.008049407852020716
      ],
      "7": [
        0.8273522210563133,
        0.008975536898808924
      ],
      "8": [
        0.8285239594263728,
        0.01633203256426941
      ],
      "None": [
        0.8311997201818817,
        0.009639013279127041
      ]
    },
    "graphsage": {
      "1": [
        0.6969220006995452,
        0.012321731342293482
      ],
      "2": [
        0.7045295557887373,
        0.00745198403794384
      ],
      "3": [
        0.7187653025533403,
        0.01142784108464791
      ],
      "4": [
        0.7500699545295558,
        0.012568098316342499
      ],
      "5": [
        0.7922875131164743,
        0.015912166512395347
      ],
      "6": [
        0.8182056663168941,
        0.016920150157905607
      ],
      "7": [
        0.8242742217558587,
        0.021550196507827524
      ],
      "8": [
        0.8272123119972018,
        0.018617797116515573
      ],
      "None": [
        0.8310772997551592,
        0.016154886923245224
      ]
    },
    "gat": {
      "1": [
        0.7080797481636939,
        0.00861101615332614
      ],
      "2": [
        0.7090591115774747,
        0.006889810926372157
      ],
      "3": [
        0.7107030430220356,
        0.006664890039993954
      ],
      "4": [
        0.7081322140608606,
        0.009438175973070442
      ],
      "5": [
        0.7853445260580622,
        0.007780456494930075
      ],
      "6": [
        0.8269849597761456,
        0.008820601140082042
      ],
      "7": [
        0.8342077649527807,
        0.00887589014472508
      ],
      "8": [
        0.8356768100734523,
        0.007902927019788808
      ],
      "None": [
        0.8359916054564535,
        0.008394106319498513
      ]
    }
  }
}