{
  "cora": {
    "mlp": {
      "None": [
        0.7138847827911377,
        0.0059348259013570406
      ]
    },
    "gcn": {
      "1": [
        0.7109798093636831,
        0.008209420831427488
      ],
      "2": [
        0.7111767629782358,
        0.006925438504394021
      ],
      "3": [
        0.7105859140555064,
        0.007889584754804621
      ],
      "4": [
        0.7626784841219584,
        0.014292256868510678
      ],
      "5": [
        0.852141801516215,
        0.007279890892456336
      ],
      "6": [
        0.8640078763167064,
        0.0047777490495429205
      ],
      "7": [
        0.867503692706426,
        0.0060561287209533535
      ],
      "8": [
        0.865632688999176,
        0.0074393220528916745
      ],
      "None": [
        0.8676021695137024,
        0.004861500484415458
      ]
    },
    "graphsage": {
      "1": [
        0.7126046240329742,
        0.007933239907382749
      ],
      "2": [
        0.7107336242993673,
        0.005160479578342137
      ],
      "3": [
        0.716001973549525,
        0.01028990751716202
      ],
      "4": [
        0.771196452776591,
        0.00958297871488355
      ],
      "5": [
        0.8385032037893931,
        0.008262401705717707
      ],
      "6": [
        0.8624322990576426,
        0.0039769214701292745
      ],
      "7": [
        0.8633677979310354,
        0.004729044521621101
      ],
      "8": [
        0.866863610347112,
        0.003976925356630497
      ],
      "None": [
        0.8667159040768941,
        0.0024326153831462707
      ]
    },
    "gat": {
      "1": [
        0.7120137830575307,
        0.005852550209467358
      ],
      "2": [
        0.7113244692484538,
        0.007402080255226813
      ],
      "3": [
        0.7109798113505046,
        0.007087367902959254
      ],
      "4": [
        0.7108321011066436,
        0.006797711077575463
      ],
      "5": [
        0.8120137890179951,
        0.01652304278486928
      ],
      "6": [
        0.8368291517098745,
        0.018651850375539573
      ],
      "7": [
        0.8467257499694825,
        0.009062918886323773
      ],
      "8": [
        0.8471688826878866,
        0.00824831687572531
      ],
      "None": [
        0.8454455971717835,
        0.017041137784325477
      ]
    }
  },
  "citeseer": {
    "mlp": {
      "None": [
        0.7386217971642812,
        0.007074919280595871
      ]
    },
    "gcn": {
      "1": [
        0.7389022509256998,
        0.005217727873090369
      ],
      "2": [
        0.7349759638309479,
        0.002378683370203968
      ],
      "3": [
        0.7339342951774597,
        0.0034205061386290004
      ],
      "4": [
        0.7352964719136555,
        0.00549638304822385
      ],
      "5": [
        0.7529246767361959,
        0.006566238080747731
      ],
      "6": [
        0.7752003133296966,
        0.004305537529530437
      ],
      "7": [
        0.7780448655287425,
        0.004750601342972771
      ],
      "8": [
        0.7814503192901612,
        0.003814515849278677
      ],
      "None": [
        0.7785256346066792,
        0.00404549003479572
      ]
    },
    "graphsage": {
      "1": [
        0.7387419939041138,
        0.004099287026722017
      ],
      "2": [
        0.739903849363327,
        0.004598826497142782
      ],
      "3": [
        0.7203926324844361,
        0.004415969159315355
      ],
      "4": [
        0.7465144236882527,
        0.01009592059936278
      ],
      "5": [
        0.7754006385803223,
        0.007342119883343759
      ],
      "6": [
        0.7891426285107931,
        0.0033522309430751495
      ],
      "7": [
        0.7927083273728689,
        0.004102215255650562
      ],
      "8": [
        0.7927483896414439,
        0.004136704087705696
      ],
      "None": [
        0.7915064076582591,
        0.00335295316886904
      ]
    },
    "gat": {
      "1": [
        0.7356971184412638,
        0.0034606293339875843
      ],
      "2": [
        0.7334535241127014,
        0.003601546702003156
      ],
      "3": [
        0.7391025642553966,
        0.005284209705505344
      ],
      "4": [
        0.7389823794364929,
        0.004411596397591557
      ],
      "5": [
        0.7356570521990459,
        0.010718626705960832
      ],
      "6": [
        0.7595352550347646,
        0.008315204622573931
      ],
      "7": [
        0.7655849357446035,
        0.008231099700954567
      ],
      "8": [
        0.7689102590084076,
        0.007695642003984816
      ],
      "None": [
        0.7695913473765056,
        0.006800166633768873
      ]
    }
  },
  "lastfm": {
    "mlp": {
      "None": [
        0.6973067502180735,
        0.013511325412290293
      ]
    },
    "gcn": {
      "1": [
        0.7101084331671397,
        0.0059631847853193025
      ],
      "2": [
        0.7017488598823547,
        0.011295600293119459
      ],
      "3": [
        0.703777547677358,
        0.00773060956129573
      ],
      "4": [
        0.7370933870474498,
        0.007496509178774036
      ],
      "5": [
        0.7818642834822337,
        0.013956114031854712
      ],
      "6": [
        0.8214760462443034,
        0.007475154831320886
      ],
      "7": [
        0.8275620838006338,
        0.007968752517317157
      ],
      "8": [
        0.8279293517271678,
        0.008386322992695592
      ],
      "None": [
        0.8343826512495677,
        0.005774959829343556
      ]
    },
    "graphsage": {
      "1": [
        0.700437213977178,
        0.013323636881687117
      ],
      "2": [
        0.7005771358807882,
        0.011724019894669606
      ],
      "3": [
        0.7230325281620026,
        0.00944517104159974
      ],
      "4": [
        0.7455054183801015,
        0.017005714219343604
      ],
      "5": [
        0.7735921680927277,
        0.04094732501087741
      ],
      "6": [
        0.8089891572793325,
        0.018285920550431278
      ],
      "7": [
        0.8254984259605408,
        0.022939695914600752
      ],
      "8": [
        0.8256908059120178,
        0.015843589147632852
      ],
      "None": [
        0.8275970617930094,
        0.01705778941523961
      ]
    },
    "gat": {
      "1": [
        0.7108954171339671,
        0.005261410399235836
      ],
      "2": [
        0.7100734531879425,
        0.008050394662917596
      ],
      "3": [
        0.7088142653306325,
        0.01320362964153894
      ],
      "4": [
        0.7211437543233236,
        0.00811979328252303
      ],
      "5": [
        0.7863064030806224,
        0.00944983649331496
      ],
      "6": [
        0.8250786979993184,
        0.007397005666344294
      ],
      "7": [
        0.8319167534510294,
        0.009005692143244768
      ],
      "8": [
        0.8350821991761526,
        0.008660674789365134
      ],
      "None": [
        0.8345575352509816,
        0.006294939434371546
      ]
    }
  }
}