{
  "cora": {
    "mlp": {
      "None": [
        0.7138847827911377,
        0.0059348259013570406
      ]
    },
    "gcn": {
      "1": [
        0.7109798093636831,
        0.008209420831427488
      ],
      "2": [
        0.7111767629782358,
        0.006925438504394021
      ],
      "3": [
        0.7105859140555064,
        0.007889584754804621
      ],
      "4": [
        0.7626784841219584,
        0.014292256868510678
      ],
      "5": [
        0.852141801516215,
        0.007279890892456336
      ],
      "6": [
        0.8640078763167064,
        0.0047777490495429205
      ],
      "7": [
        0.867503692706426,
        0.0060561287209533535
      ],
      "8": [
        0.865632688999176,
        0.0074393220528916745
      ],
      "None": [
        0.8676021695137024,
        0.004861500484415458
      ]
    },
    "graphsage": {
      "1": [
        0.7126046240329742,
        0.007933239907382749
      ],
      "2": [
        0.7107336242993673,
        0.005160479578342137
      ],
      "3": [
        0.716001973549525,
        0.01028990751716202
      ],
      "4": [
        0.771196452776591,
        0.00958297871488355
      ],
      "5": [
        0.8385032037893931,
        0.008262401705717707
      ],
      "6": [
        0.8624322990576426,
        0.0039769214701292745
      ],
      "7": [
        0.8633677979310354,
        0.004729044521621101
      ],
      "8": [
        0.866863610347112,
        0.003976925356630497
      ],
      "None": [
        0.8667159040768941,
        0.0024326153831462707
      ]
    },
    "gat": {
      "1": [
        0.7120137830575307,
        0.005852550209467358
      ],
      "2": [
        0.7113244692484538,
        0.007402080255226813
      ],
      "3": [
        0.7109798113505046,
        0.007087367902959254
      ],
      "4": [
        0.7108321011066436,
        0.006797711077575463
      ],
      "5": [
        0.8120137890179951,
        0.01652304278486928
      ],
      "6": [
        0.8368291517098745,
        0.018651850375539573
      ],
      "7": [
        0.8467257499694825,
        0.009062918886323773
      ],
      "8": [
        0.8471688826878866,
        0.00824831687572531
      ],
      "None": [
        0.8454455971717835,
        0.017041137784325477
      ]
    }
  },
  "citeseer": {
    "mlp": {
      "None": [
        0.7368990384615386,
        0.003046189407895892
      ]
    },
    "gcn": {
      "1": [
        0.7362179487179488,
        0.003381562154809174
      ],
      "2": [
        0.7356570512820514,
        0.003837798081675656
      ],
      "3": [
        0.7383413461538461,
        0.004290601649224424
      ],
      "4": [
        0.7377804487179487,
        0.00423335591331396
      ],
      "5": [
        0.7670272435897434,
        0.007702838178027445
      ],
      "6": [
        0.7787660256410257,
        0.020547690464271556
      ],
      "7": [
        0.7862580128205129,
        0.005831357310073262
      ],
      "8": [
        0.7940705128205127,
        0.0037668779722894665
      ],
      "None": [
        0.7826923076923077,
        0.006302173750716564
      ]
    },
    "graphsage": {
      "1": [
        0.7371394230769232,
        0.004188375706956495
      ],
      "2": [
        0.7363782051282051,
        0.0038428137206031514
      ],
      "3": [
        0.737900641025641,
        0.005012978307569571
      ],
      "4": [
        0.7402644230769232,
        0.0044362740340545695
      ],
      "5": [
        0.7730769230769232,
        0.008796237722851909
      ],
      "6": [
        0.7906250000000001,
        0.005027047160691699
      ],
      "7": [
        0.7943108974358973,
        0.004330631127202468
      ],
      "8": [
        0.7935897435897433,
        0.004549701784159736
      ],
      "None": [
        0.7951923076923076,
        0.004284424482466308
      ]
    },
    "gat": {
      "1": [
        0.7344551282051284,
        0.003924646441108492
      ],
      "2": [
        0.7350160256410255,
        0.004579241045586393
      ],
      "3": [
        0.7346554487179487,
        0.003423312873002258
      ],
      "4": [
        0.7343349358974359,
        0.0034901789542904245
      ],
      "5": [
        0.7335336538461539,
        0.003927303961726294
      ],
      "6": [
        0.7649439102564102,
        0.012726329228880078
      ],
      "7": [
        0.7637019230769231,
        0.008190733191058088
      ],
      "8": [
        0.7727964743589744,
        0.01053076381182239
      ],
      "None": [
        0.7674679487179487,
        0.014531951960910625
      ]
    }
  },
  "lastfm": {
    "mlp": {
      "None": [
        0.7003497726477789,
        0.013924554100980594
      ]
    },
    "gcn": {
      "1": [
        0.7095313046519763,
        0.005257915954583049
      ],
      "2": [
        0.7110528156698146,
        0.006969521717773732
      ],
      "3": [
        0.7096537250786987,
        0.006226444364804534
      ],
      "4": [
        0.7061734872332982,
        0.012601636700630508
      ],
      "5": [
        0.7889646729625742,
        0.008395290423810783
      ],
      "6": [
        0.8224204267226303,
        0.008049407852020716
      ],
      "7": [
        0.8273522210563133,
        0.008975536898808924
      ],
      "8": [
        0.8285239594263728,
        0.01633203256426941
      ],
      "None": [
        0.8311997201818817,
        0.009639013279127041
      ]
    },
    "graphsage": {
      "1": [
        0.6969220006995452,
        0.012321731342293482
      ],
      "2": [
        0.7045295557887373,
        0.00745198403794384
      ],
      "3": [
        0.7187653025533403,
        0.01142784108464791
      ],
      "4": [
        0.7500699545295558,
        0.012568098316342499
      ],
      "5": [
        0.7922875131164743,
        0.015912166512395347
      ],
      "6": [
        0.8182056663168941,
        0.016920150157905607
      ],
      "7": [
        0.8242742217558587,
        0.021550196507827524
      ],
      "8": [
        0.8272123119972018,
        0.018617797116515573
      ],
      "None": [
        0.8310772997551592,
        0.016154886923245224
      ]
    },
    "gat": {
      "1": [
        0.7080797481636939,
        0.00861101615332614
      ],
      "2": [
        0.7090591115774747,
        0.006889810926372157
      ],
      "3": [
        0.7107030430220356,
        0.006664890039993954
      ],
      "4": [
        0.7081322140608606,
        0.009438175973070442
      ],
      "5": [
        0.7853445260580622,
        0.007780456494930075
      ],
      "6": [
        0.8269849597761456,
        0.008820601140082042
      ],
      "7": [
        0.8342077649527807,
        0.00887589014472508
      ],
      "8": [
        0.8356768100734523,
        0.007902927019788808
      ],
      "None": [
        0.8359916054564535,
        0.008394106319498513
      ]
    }
  }
}