{
  "cora": {
    "mlp": {
      "None": [
        0.7138847827911377,
        0.0059348259013570406
      ]
    },
    "gcn": {
      "1": [
        0.7109798093636831,
        0.008209420831427488
      ],
      "2": [
        0.7111767629782358,
        0.006925438504394021
      ],
      "3": [
        0.7105859140555064,
        0.007889584754804621
      ],
      "4": [
        0.7626784841219584,
        0.014292256868510678
      ],
      "5": [
        0.852141801516215,
        0.007279890892456336
      ],
      "6": [
        0.8640078763167064,
        0.0047777490495429205
      ],
      "7": [
        0.867503692706426,
        0.0060561287209533535
      ],
      "8": [
        0.865632688999176,
        0.0074393220528916745
      ],
      "None": [
        0.8676021695137024,
        0.004861500484415458
      ]
    },
    "graphsage": {
      "1": [
        0.7126046240329742,
        0.007933239907382749
      ],
      "2": [
        0.7107336242993673,
        0.005160479578342137
      ],
      "3": [
        0.716001973549525,
        0.01028990751716202
      ],
      "4": [
        0.771196452776591,
        0.00958297871488355
      ],
      "5": [
        0.8385032037893931,
        0.008262401705717707
      ],
      "6": [
        0.8624322990576426,
        0.0039769214701292745
      ],
      "7": [
        0.8633677979310354,
        0.004729044521621101
      ],
      "8": [
        0.866863610347112,
        0.003976925356630497
      ],
      "None": [
        0.8667159040768941,
        0.0024326153831462707
      ]
    },
    "gat": {
      "1": [
        0.7120137830575307,
        0.005852550209467358
      ],
      "2": [
        0.7113244692484538,
        0.007402080255226813
      ],
      "3": [
        0.7109798113505046,
        0.007087367902959254
      ],
      "4": [
        0.7108321011066436,
        0.006797711077575463
      ],
      "5": [
        0.8120137890179951,
        0.01652304278486928
      ],
      "6": [
        0.8368291517098745,
        0.018651850375539573
      ],
      "7": [
        0.8467257499694825,
        0.009062918886323773
      ],
      "8": [
        0.8471688826878866,
        0.00824831687572531
      ],
      "None": [
        0.8454455971717835,
        0.017041137784325477
      ]
    }
  },
  "citeseer": {
    "mlp": {
      "None": [
        0.7386217971642812,
        0.007074919280595871
      ]
    },
    "gcn": {
      "1": [
        0.7389022509256998,
        0.005217727873090369
      ],
      "2": [
        0.7349759638309479,
        0.002378683370203968
      ],
      "3": [
        0.7339342951774597,
        0.0034205061386290004
      ],
      "4": [
        0.7352964719136555,
        0.00549638304822385
      ],
      "5": [
        0.7529246767361959,
        0.006566238080747731
      ],
      "6": [
        0.7752003133296966,
        0.004305537529530437
      ],
      "7": [
        0.7780448655287425,
        0.004750601342972771
      ],
      "8": [
        0.7814503192901612,
        0.003814515849278677
      ],
      "None": [
        0.7785256346066792,
        0.00404549003479572
      ]
    },
    "graphsage": {
      "1": [
        0.7387419939041138,
        0.004099287026722017
      ],
      "2": [
        0.739903849363327,
        0.004598826497142782
      ],
      "3": [
        0.7203926324844361,
        0.004415969159315355
      ],
      "4": [
        0.7465144236882527,
        0.01009592059936278
      ],
      "5": [
        0.7754006385803223,
        0.007342119883343759
      ],
      "6": [
        0.7891426285107931,
        0.0033522309430751495
      ],
      "7": [
        0.7927083273728689,
        0.004102215255650562
      ],
      "8": [
        0.7927483896414439,
        0.004136704087705696
      ],
      "None": [
        0.7915064076582591,
        0.00335295316886904
      ]
    },
    "gat": {
      "1": [
        0.7356971184412638,
        0.0034606293339875843
      ],
      "2": [
        0.7334535241127014,
        0.003601546702003156
      ],
      "3": [
        0.7391025642553966,
        0.005284209705505344
      ],
      "4": [
        0.7389823794364929,
        0.004411596397591557
      ],
      "5": [
        0.7356570521990459,
        0.010718626705960832
      ],
      "6": [
        0.7595352550347646,
        0.008315204622573931
      ],
      "7": [
        0.7655849357446035,
        0.008231099700954567
      ],
      "8": [
        0.7689102590084076,
        0.007695642003984816
      ],
      "None": [
        0.7695913473765056,
        0.006800166633768873
      ]
    }
  },
  "lastfm": {
    "mlp": {
      "None": [
        0.7003497726477789,
        0.013924554100980594
      ]
    },
    "gcn": {
      "1": [
        0.7095313046519763,
        0.005257915954583049
      ],
      "2": [
        0.7110528156698146,
        0.006969521717773732
      ],
      "3": [
        0.7096537250786987,
        0.006226444364804534
      ],
      "4": [
        0.7061734872332982,
        0.012601636700630508
      ],
      "5": [
        0.7889646729625742,
        0.008395290423810783
      ],
      "6": [
        0.8224204267226303,
        0.008049407852020716
      ],
      "7": [
        0.8273522210563133,
        0.008975536898808924
      ],
      "8": [
        0.8285239594263728,
        0.01633203256426941
      ],
      "None": [
        0.8311997201818817,
        0.009639013279127041
      ]
    },
    "graphsage": {
      "1": [
        0.6969220006995452,
        0.012321731342293482
      ],
      "2": [
        0.7045295557887373,
        0.00745198403794384
      ],
      "3": [
        0.7187653025533403,
        0.01142784108464791
      ],
      "4": [
        0.7500699545295558,
        0.012568098316342499
      ],
      "5": [
        0.7922875131164743,
        0.015912166512395347
      ],
      "6": [
        0.8182056663168941,
        0.016920150157905607
      ],
      "7": [
        0.8242742217558587,
        0.021550196507827524
      ],
      "8": [
        0.8272123119972018,
        0.018617797116515573
      ],
      "None": [
        0.8310772997551592,
        0.016154886923245224
      ]
    },
    "gat": {
      "1": [
        0.7080797481636939,
        0.00861101615332614
      ],
      "2": [
        0.7090591115774747,
        0.006889810926372157
      ],
      "3": [
        0.7107030430220356,
        0.006664890039993954
      ],
      "4": [
        0.7081322140608606,
        0.009438175973070442
      ],
      "5": [
        0.7853445260580622,
        0.007780456494930075
      ],
      "6": [
        0.8269849597761456,
        0.008820601140082042
      ],
      "7": [
        0.8342077649527807,
        0.00887589014472508
      ],
      "8": [
        0.8356768100734523,
        0.007902927019788808
      ],
      "None": [
        0.8359916054564535,
        0.008394106319498513
      ]
    }
  }
}