{
  "cora": {
    "mlp": {
      "None": [
        0.710388970950271,
        0.005882925467747461
      ]
    },
    "gcn": {
      "1": [
        0.7116198916789759,
        0.005522651745314631
      ],
      "2": [
        0.712112259970458,
        0.006010322611925878
      ],
      "3": [
        0.7103397341211226,
        0.00573793932040031
      ],
      "4": [
        0.7700640078778929,
        0.008039335425656666
      ],
      "5": [
        0.8445100935499753,
        0.009745410157548403
      ],
      "6": [
        0.8637124569177744,
        0.006958960017352939
      ],
      "7": [
        0.8672575086164452,
        0.004508330139737896
      ],
      "8": [
        0.8706548498276713,
        0.0033830395640180927
      ],
      "None": [
        0.8682422451994091,
        0.0055057255533212555
      ]
    }
  }
}